scenario,model,variable,unit,timeResolution,timestep,value
abroad-together,FLEXECO,Electricity-supply|Total,TWh,annual,2050,85.18712831021693
abroad-together,FLEXECO,Electricity-supply|PHS-out,TWh,annual,2050,13.048846486847903
abroad-together,FLEXECO,Electricity-supply|Hydro Dams,TWh,annual,2050,17.92744207588672
abroad-together,FLEXECO,Electricity-supply|Waste,TWh,annual,2050,1.6649061325831083
abroad-together,FLEXECO,Electricity-supply|Hydro RoR,TWh,annual,2050,17.091560311858306
abroad-together,FLEXECO,Electricity-supply|Solar,TWh,annual,2050,29.060175950745915
abroad-together,FLEXECO,Electricity-supply|Wind,TWh,annual,2050,6.394197352295008
abroad-together,FLEXECO,Electricity-supply|Imports,TWh,annual,2050,17.99001037147227
abroad-together,FLEXECO,Electricity-consumption|Total,TWh,annual,2050,87.81978813512028
abroad-together,FLEXECO,Electricity-consumption|Base,TWh,annual,2050,48.170000161412176
abroad-together,FLEXECO,Electricity-consumption|Electrolysis,TWh,annual,2050,0.0
abroad-together,FLEXECO,Electricity-consumption|Battery-vehicles,TWh,annual,2050,13.144226641262211
abroad-together,FLEXECO,Electricity-consumption|Heat pumps,TWh,annual,2050,11.731052185733073
abroad-together,FLEXECO,Electricity-consumption|PHS-in,TWh,annual,2050,14.774509146712862
abroad-together,FLEXECO,Electricity-consumption|Exports,TWh,annual,2050,15.357350546568675
abroad-together,FLEXECO,Electricity-supply|Total,GW,typical-day-winter,2050 00:00,3.5428035411275896
abroad-together,FLEXECO,Electricity-supply|Total,GW,typical-day-winter,2050 01:00,3.7353024531882695
abroad-together,FLEXECO,Electricity-supply|Total,GW,typical-day-winter,2050 02:00,3.7629852015134753
abroad-together,FLEXECO,Electricity-supply|Total,GW,typical-day-winter,2050 03:00,4.038635536415025
abroad-together,FLEXECO,Electricity-supply|Total,GW,typical-day-winter,2050 04:00,3.700643017651228
abroad-together,FLEXECO,Electricity-supply|Total,GW,typical-day-winter,2050 05:00,3.610379894412835
abroad-together,FLEXECO,Electricity-supply|Total,GW,typical-day-winter,2050 06:00,3.7330461254052314
abroad-together,FLEXECO,Electricity-supply|Total,GW,typical-day-winter,2050 07:00,3.8392743786128065
abroad-together,FLEXECO,Electricity-supply|Total,GW,typical-day-winter,2050 08:00,1.7377397986542997
abroad-together,FLEXECO,Electricity-supply|Total,GW,typical-day-winter,2050 09:00,2.317668614332115
abroad-together,FLEXECO,Electricity-supply|Total,GW,typical-day-winter,2050 10:00,3.3902510744853998
abroad-together,FLEXECO,Electricity-supply|Total,GW,typical-day-winter,2050 11:00,3.9628385226783815
abroad-together,FLEXECO,Electricity-supply|Total,GW,typical-day-winter,2050 12:00,3.78234558314129
abroad-together,FLEXECO,Electricity-supply|Total,GW,typical-day-winter,2050 13:00,3.4832420267296396
abroad-together,FLEXECO,Electricity-supply|Total,GW,typical-day-winter,2050 14:00,6.060599627639362
abroad-together,FLEXECO,Electricity-supply|Total,GW,typical-day-winter,2050 15:00,4.907482157007987
abroad-together,FLEXECO,Electricity-supply|Total,GW,typical-day-winter,2050 16:00,5.189401909137484
abroad-together,FLEXECO,Electricity-supply|Total,GW,typical-day-winter,2050 17:00,6.559244844014272
abroad-together,FLEXECO,Electricity-supply|Total,GW,typical-day-winter,2050 18:00,6.649398722021859
abroad-together,FLEXECO,Electricity-supply|Total,GW,typical-day-winter,2050 19:00,5.448891766686832
abroad-together,FLEXECO,Electricity-supply|Total,GW,typical-day-winter,2050 20:00,6.511627893294915
abroad-together,FLEXECO,Electricity-supply|Total,GW,typical-day-winter,2050 21:00,6.6232470318483125
abroad-together,FLEXECO,Electricity-supply|Total,GW,typical-day-winter,2050 22:00,5.737481419991388
abroad-together,FLEXECO,Electricity-supply|Total,GW,typical-day-winter,2050 23:00,5.2902840153264075
abroad-together,FLEXECO,Electricity-supply|PHS-out,GW,typical-day-winter,2050 00:00,0.024090086852929724
abroad-together,FLEXECO,Electricity-supply|PHS-out,GW,typical-day-winter,2050 01:00,0.024090094901884657
abroad-together,FLEXECO,Electricity-supply|PHS-out,GW,typical-day-winter,2050 02:00,0.029430332472137933
abroad-together,FLEXECO,Electricity-supply|PHS-out,GW,typical-day-winter,2050 03:00,0.029248736705450997
abroad-together,FLEXECO,Electricity-supply|PHS-out,GW,typical-day-winter,2050 04:00,0.029627847073286286
abroad-together,FLEXECO,Electricity-supply|PHS-out,GW,typical-day-winter,2050 05:00,0.030128062372774
abroad-together,FLEXECO,Electricity-supply|PHS-out,GW,typical-day-winter,2050 06:00,0.030546065015170678
abroad-together,FLEXECO,Electricity-supply|PHS-out,GW,typical-day-winter,2050 07:00,0.04341054941238262
abroad-together,FLEXECO,Electricity-supply|PHS-out,GW,typical-day-winter,2050 08:00,1.499609227506844e-06
abroad-together,FLEXECO,Electricity-supply|PHS-out,GW,typical-day-winter,2050 09:00,1.5007573132056697e-06
abroad-together,FLEXECO,Electricity-supply|PHS-out,GW,typical-day-winter,2050 10:00,1.5014129443656115e-06
abroad-together,FLEXECO,Electricity-supply|PHS-out,GW,typical-day-winter,2050 11:00,1.5017867114907035e-06
abroad-together,FLEXECO,Electricity-supply|PHS-out,GW,typical-day-winter,2050 12:00,1.5017395793020177e-06
abroad-together,FLEXECO,Electricity-supply|PHS-out,GW,typical-day-winter,2050 13:00,1.5013883355042218e-06
abroad-together,FLEXECO,Electricity-supply|PHS-out,GW,typical-day-winter,2050 14:00,0.04100259192094175
abroad-together,FLEXECO,Electricity-supply|PHS-out,GW,typical-day-winter,2050 15:00,0.0419622353566292
abroad-together,FLEXECO,Electricity-supply|PHS-out,GW,typical-day-winter,2050 16:00,1.106096959216542
abroad-together,FLEXECO,Electricity-supply|PHS-out,GW,typical-day-winter,2050 17:00,1.9023337988979327
abroad-together,FLEXECO,Electricity-supply|PHS-out,GW,typical-day-winter,2050 18:00,1.83193094958111
abroad-together,FLEXECO,Electricity-supply|PHS-out,GW,typical-day-winter,2050 19:00,1.4260931290285535
abroad-together,FLEXECO,Electricity-supply|PHS-out,GW,typical-day-winter,2050 20:00,1.713162483566486
abroad-together,FLEXECO,Electricity-supply|PHS-out,GW,typical-day-winter,2050 21:00,1.578053241410147
abroad-together,FLEXECO,Electricity-supply|PHS-out,GW,typical-day-winter,2050 22:00,1.6474663051681824
abroad-together,FLEXECO,Electricity-supply|PHS-out,GW,typical-day-winter,2050 23:00,1.5814034558924817
abroad-together,FLEXECO,Electricity-supply|Hydro Dams,GW,typical-day-winter,2050 00:00,1.254600482658663
abroad-together,FLEXECO,Electricity-supply|Hydro Dams,GW,typical-day-winter,2050 01:00,1.2848414926327882
abroad-together,FLEXECO,Electricity-supply|Hydro Dams,GW,typical-day-winter,2050 02:00,1.219814996282541
abroad-together,FLEXECO,Electricity-supply|Hydro Dams,GW,typical-day-winter,2050 03:00,1.195820603892573
abroad-together,FLEXECO,Electricity-supply|Hydro Dams,GW,typical-day-winter,2050 04:00,1.2022028109112455
abroad-together,FLEXECO,Electricity-supply|Hydro Dams,GW,typical-day-winter,2050 05:00,1.2674364005413639
abroad-together,FLEXECO,Electricity-supply|Hydro Dams,GW,typical-day-winter,2050 06:00,1.3032381185059643
abroad-together,FLEXECO,Electricity-supply|Hydro Dams,GW,typical-day-winter,2050 07:00,1.3806911716290273
abroad-together,FLEXECO,Electricity-supply|Hydro Dams,GW,typical-day-winter,2050 08:00,3.8274071859999985e-08
abroad-together,FLEXECO,Electricity-supply|Hydro Dams,GW,typical-day-winter,2050 09:00,3.8127802430000007e-08
abroad-together,FLEXECO,Electricity-supply|Hydro Dams,GW,typical-day-winter,2050 10:00,3.787445459999999e-08
abroad-together,FLEXECO,Electricity-supply|Hydro Dams,GW,typical-day-winter,2050 11:00,3.775866923999999e-08
abroad-together,FLEXECO,Electricity-supply|Hydro Dams,GW,typical-day-winter,2050 12:00,3.7761711920000006e-08
abroad-together,FLEXECO,Electricity-supply|Hydro Dams,GW,typical-day-winter,2050 13:00,3.7773304249999995e-08
abroad-together,FLEXECO,Electricity-supply|Hydro Dams,GW,typical-day-winter,2050 14:00,1.0639815418084289
abroad-together,FLEXECO,Electricity-supply|Hydro Dams,GW,typical-day-winter,2050 15:00,1.290990426801359
abroad-together,FLEXECO,Electricity-supply|Hydro Dams,GW,typical-day-winter,2050 16:00,1.4317048785198432
abroad-together,FLEXECO,Electricity-supply|Hydro Dams,GW,typical-day-winter,2050 17:00,2.057613056944933
abroad-together,FLEXECO,Electricity-supply|Hydro Dams,GW,typical-day-winter,2050 18:00,2.1611080624797423
abroad-together,FLEXECO,Electricity-supply|Hydro Dams,GW,typical-day-winter,2050 19:00,1.4900333781602744
abroad-together,FLEXECO,Electricity-supply|Hydro Dams,GW,typical-day-winter,2050 20:00,2.1356826897354226
abroad-together,FLEXECO,Electricity-supply|Hydro Dams,GW,typical-day-winter,2050 21:00,1.9063551952121613
abroad-together,FLEXECO,Electricity-supply|Hydro Dams,GW,typical-day-winter,2050 22:00,1.4594574671311964
abroad-together,FLEXECO,Electricity-supply|Hydro Dams,GW,typical-day-winter,2050 23:00,1.3336061466996223
abroad-together,FLEXECO,Electricity-supply|Waste,GW,typical-day-winter,2050 00:00,0.22849996239999998
abroad-together,FLEXECO,Electricity-supply|Waste,GW,typical-day-winter,2050 01:00,0.22849995639999998
abroad-together,FLEXECO,Electricity-supply|Waste,GW,typical-day-winter,2050 02:00,0.22849978339999996
abroad-together,FLEXECO,Electricity-supply|Waste,GW,typical-day-winter,2050 03:00,0.22849978339999996
abroad-together,FLEXECO,Electricity-supply|Waste,GW,typical-day-winter,2050 04:00,0.22849978339999996
abroad-together,FLEXECO,Electricity-supply|Waste,GW,typical-day-winter,2050 05:00,0.22849978379999997
abroad-together,FLEXECO,Electricity-supply|Waste,GW,typical-day-winter,2050 06:00,0.22849978379999997
abroad-together,FLEXECO,Electricity-supply|Waste,GW,typical-day-winter,2050 07:00,0.22849993159999998
abroad-together,FLEXECO,Electricity-supply|Waste,GW,typical-day-winter,2050 08:00,0.08725034260000003
abroad-together,FLEXECO,Electricity-supply|Waste,GW,typical-day-winter,2050 09:00,0.08725034410000002
abroad-together,FLEXECO,Electricity-supply|Waste,GW,typical-day-winter,2050 10:00,0.08725034280000002
abroad-together,FLEXECO,Electricity-supply|Waste,GW,typical-day-winter,2050 11:00,0.08725034180000002
abroad-together,FLEXECO,Electricity-supply|Waste,GW,typical-day-winter,2050 12:00,0.08725034180000002
abroad-together,FLEXECO,Electricity-supply|Waste,GW,typical-day-winter,2050 13:00,0.08725034180000002
abroad-together,FLEXECO,Electricity-supply|Waste,GW,typical-day-winter,2050 14:00,0.22849978249999997
abroad-together,FLEXECO,Electricity-supply|Waste,GW,typical-day-winter,2050 15:00,0.22849978319999995
abroad-together,FLEXECO,Electricity-supply|Waste,GW,typical-day-winter,2050 16:00,0.2284999655
abroad-together,FLEXECO,Electricity-supply|Waste,GW,typical-day-winter,2050 17:00,0.22849996890000004
abroad-together,FLEXECO,Electricity-supply|Waste,GW,typical-day-winter,2050 18:00,0.22849996890000004
abroad-together,FLEXECO,Electricity-supply|Waste,GW,typical-day-winter,2050 19:00,0.2284999655
abroad-together,FLEXECO,Electricity-supply|Waste,GW,typical-day-winter,2050 20:00,0.22849996890000004
abroad-together,FLEXECO,Electricity-supply|Waste,GW,typical-day-winter,2050 21:00,0.22849996890000004
abroad-together,FLEXECO,Electricity-supply|Waste,GW,typical-day-winter,2050 22:00,0.22849996750000004
abroad-together,FLEXECO,Electricity-supply|Waste,GW,typical-day-winter,2050 23:00,0.22849996740000003
abroad-together,FLEXECO,Electricity-supply|Hydro RoR,GW,typical-day-winter,2050 00:00,1.5816749184600014
abroad-together,FLEXECO,Electricity-supply|Hydro RoR,GW,typical-day-winter,2050 01:00,1.5816749066600015
abroad-together,FLEXECO,Electricity-supply|Hydro RoR,GW,typical-day-winter,2050 02:00,1.5816745819600013
abroad-together,FLEXECO,Electricity-supply|Hydro RoR,GW,typical-day-winter,2050 03:00,1.5816745799600014
abroad-together,FLEXECO,Electricity-supply|Hydro RoR,GW,typical-day-winter,2050 04:00,1.5816745779600014
abroad-together,FLEXECO,Electricity-supply|Hydro RoR,GW,typical-day-winter,2050 05:00,1.5816745801600014
abroad-together,FLEXECO,Electricity-supply|Hydro RoR,GW,typical-day-winter,2050 06:00,1.5816745824600014
abroad-together,FLEXECO,Electricity-supply|Hydro RoR,GW,typical-day-winter,2050 07:00,1.5816748660800013
abroad-together,FLEXECO,Electricity-supply|Hydro RoR,GW,typical-day-winter,2050 08:00,1.0011108914500007
abroad-together,FLEXECO,Electricity-supply|Hydro RoR,GW,typical-day-winter,2050 09:00,0.8364536013300005
abroad-together,FLEXECO,Electricity-supply|Hydro RoR,GW,typical-day-winter,2050 10:00,0.8182672571599995
abroad-together,FLEXECO,Electricity-supply|Hydro RoR,GW,typical-day-winter,2050 11:00,0.8108900229900002
abroad-together,FLEXECO,Electricity-supply|Hydro RoR,GW,typical-day-winter,2050 12:00,0.8104652180500003
abroad-together,FLEXECO,Electricity-supply|Hydro RoR,GW,typical-day-winter,2050 13:00,0.8262585382599997
abroad-together,FLEXECO,Electricity-supply|Hydro RoR,GW,typical-day-winter,2050 14:00,1.5816745791600013
abroad-together,FLEXECO,Electricity-supply|Hydro RoR,GW,typical-day-winter,2050 15:00,1.5816745814600015
abroad-together,FLEXECO,Electricity-supply|Hydro RoR,GW,typical-day-winter,2050 16:00,1.5816749316800012
abroad-together,FLEXECO,Electricity-supply|Hydro RoR,GW,typical-day-winter,2050 17:00,1.5816749392700011
abroad-together,FLEXECO,Electricity-supply|Hydro RoR,GW,typical-day-winter,2050 18:00,1.5816749391700011
abroad-together,FLEXECO,Electricity-supply|Hydro RoR,GW,typical-day-winter,2050 19:00,1.581674932490001
abroad-together,FLEXECO,Electricity-supply|Hydro RoR,GW,typical-day-winter,2050 20:00,1.5816749391700011
abroad-together,FLEXECO,Electricity-supply|Hydro RoR,GW,typical-day-winter,2050 21:00,1.5816749379700012
abroad-together,FLEXECO,Electricity-supply|Hydro RoR,GW,typical-day-winter,2050 22:00,1.5816749370600014
abroad-together,FLEXECO,Electricity-supply|Hydro RoR,GW,typical-day-winter,2050 23:00,1.5816749370600014
abroad-together,FLEXECO,Electricity-supply|Solar,GW,typical-day-winter,2050 00:00,0.010655930445999998
abroad-together,FLEXECO,Electricity-supply|Solar,GW,typical-day-winter,2050 01:00,0.011189905663600001
abroad-together,FLEXECO,Electricity-supply|Solar,GW,typical-day-winter,2050 02:00,0.0126058904588
abroad-together,FLEXECO,Electricity-supply|Solar,GW,typical-day-winter,2050 03:00,0.011544889907000004
abroad-together,FLEXECO,Electricity-supply|Solar,GW,typical-day-winter,2050 04:00,0.0122608956867
abroad-together,FLEXECO,Electricity-supply|Solar,GW,typical-day-winter,2050 05:00,0.011544890028700001
abroad-together,FLEXECO,Electricity-supply|Solar,GW,typical-day-winter,2050 06:00,0.012027876464100001
abroad-together,FLEXECO,Electricity-supply|Solar,GW,typical-day-winter,2050 07:00,0.04083418157139999
abroad-together,FLEXECO,Electricity-supply|Solar,GW,typical-day-winter,2050 08:00,0.390315507431
abroad-together,FLEXECO,Electricity-supply|Solar,GW,typical-day-winter,2050 09:00,1.2555940324510007
abroad-together,FLEXECO,Electricity-supply|Solar,GW,typical-day-winter,2050 10:00,2.3699986049100006
abroad-together,FLEXECO,Electricity-supply|Solar,GW,typical-day-winter,2050 11:00,2.909961636610999
abroad-together,FLEXECO,Electricity-supply|Solar,GW,typical-day-winter,2050 12:00,2.752087475267999
abroad-together,FLEXECO,Electricity-supply|Solar,GW,typical-day-winter,2050 13:00,2.416557758566999
abroad-together,FLEXECO,Electricity-supply|Solar,GW,typical-day-winter,2050 14:00,2.753204504529998
abroad-together,FLEXECO,Electricity-supply|Solar,GW,typical-day-winter,2050 15:00,1.09164738754
abroad-together,FLEXECO,Electricity-supply|Solar,GW,typical-day-winter,2050 16:00,0.1687174178811
abroad-together,FLEXECO,Electricity-supply|Solar,GW,typical-day-winter,2050 17:00,0.012199931281400001
abroad-together,FLEXECO,Electricity-supply|Solar,GW,typical-day-winter,2050 18:00,0.010655940041
abroad-together,FLEXECO,Electricity-supply|Solar,GW,typical-day-winter,2050 19:00,0.010655939158000002
abroad-together,FLEXECO,Electricity-supply|Solar,GW,typical-day-winter,2050 20:00,0.010655940003
abroad-together,FLEXECO,Electricity-supply|Solar,GW,typical-day-winter,2050 21:00,0.010655939936
abroad-together,FLEXECO,Electricity-supply|Solar,GW,typical-day-winter,2050 22:00,0.010655939821999999
abroad-together,FLEXECO,Electricity-supply|Solar,GW,typical-day-winter,2050 23:00,0.011138930544299997
abroad-together,FLEXECO,Electricity-supply|Wind,GW,typical-day-winter,2050 00:00,0.44328216031
abroad-together,FLEXECO,Electricity-supply|Wind,GW,typical-day-winter,2050 01:00,0.60500609693
abroad-together,FLEXECO,Electricity-supply|Wind,GW,typical-day-winter,2050 02:00,0.6909596169400001
abroad-together,FLEXECO,Electricity-supply|Wind,GW,typical-day-winter,2050 03:00,0.9918469425499998
abroad-together,FLEXECO,Electricity-supply|Wind,GW,typical-day-winter,2050 04:00,0.64637710262
abroad-together,FLEXECO,Electricity-supply|Wind,GW,typical-day-winter,2050 05:00,0.49109617751000006
abroad-together,FLEXECO,Electricity-supply|Wind,GW,typical-day-winter,2050 06:00,0.5770596991600002
abroad-together,FLEXECO,Electricity-supply|Wind,GW,typical-day-winter,2050 07:00,0.5641636783200001
abroad-together,FLEXECO,Electricity-supply|Wind,GW,typical-day-winter,2050 08:00,0.25906151929
abroad-together,FLEXECO,Electricity-supply|Wind,GW,typical-day-winter,2050 09:00,0.13836909756600002
abroad-together,FLEXECO,Electricity-supply|Wind,GW,typical-day-winter,2050 10:00,0.11473333032800002
abroad-together,FLEXECO,Electricity-supply|Wind,GW,typical-day-winter,2050 11:00,0.15473498173200004
abroad-together,FLEXECO,Electricity-supply|Wind,GW,typical-day-winter,2050 12:00,0.13254100852200001
abroad-together,FLEXECO,Electricity-supply|Wind,GW,typical-day-winter,2050 13:00,0.15317384894100006
abroad-together,FLEXECO,Electricity-supply|Wind,GW,typical-day-winter,2050 14:00,0.3922366277199999
abroad-together,FLEXECO,Electricity-supply|Wind,GW,typical-day-winter,2050 15:00,0.67270774265
abroad-together,FLEXECO,Electricity-supply|Wind,GW,typical-day-winter,2050 16:00,0.67270775634
abroad-together,FLEXECO,Electricity-supply|Wind,GW,typical-day-winter,2050 17:00,0.7769231487199997
abroad-together,FLEXECO,Electricity-supply|Wind,GW,typical-day-winter,2050 18:00,0.8355288618500002
abroad-together,FLEXECO,Electricity-supply|Wind,GW,typical-day-winter,2050 19:00,0.71193442235
abroad-together,FLEXECO,Electricity-supply|Wind,GW,typical-day-winter,2050 20:00,0.8419518719199999
abroad-together,FLEXECO,Electricity-supply|Wind,GW,typical-day-winter,2050 21:00,1.31800774842
abroad-together,FLEXECO,Electricity-supply|Wind,GW,typical-day-winter,2050 22:00,0.8097268033100001
abroad-together,FLEXECO,Electricity-supply|Wind,GW,typical-day-winter,2050 23:00,0.5539605777300001
abroad-together,FLEXECO,Electricity-supply|Imports,GW,typical-day-winter,2050 00:00,6.168678868339807
abroad-together,FLEXECO,Electricity-supply|Imports,GW,typical-day-winter,2050 01:00,6.134003307268916
abroad-together,FLEXECO,Electricity-supply|Imports,GW,typical-day-winter,2050 02:00,6.027003703737851
abroad-together,FLEXECO,Electricity-supply|Imports,GW,typical-day-winter,2050 03:00,5.938619464551729
abroad-together,FLEXECO,Electricity-supply|Imports,GW,typical-day-winter,2050 04:00,5.9922159654486
abroad-together,FLEXECO,Electricity-supply|Imports,GW,typical-day-winter,2050 05:00,6.195864257383111
abroad-together,FLEXECO,Electricity-supply|Imports,GW,typical-day-winter,2050 06:00,6.327517839301284
abroad-together,FLEXECO,Electricity-supply|Imports,GW,typical-day-winter,2050 07:00,6.552725717200565
abroad-together,FLEXECO,Electricity-supply|Imports,GW,typical-day-winter,2050 08:00,14.165760886195699
abroad-together,FLEXECO,Electricity-supply|Imports,GW,typical-day-winter,2050 09:00,13.799804764527881
abroad-together,FLEXECO,Electricity-supply|Imports,GW,typical-day-winter,2050 10:00,12.763091981114634
abroad-together,FLEXECO,Electricity-supply|Imports,GW,typical-day-winter,2050 11:00,12.170159169031619
abroad-together,FLEXECO,Electricity-supply|Imports,GW,typical-day-winter,2050 12:00,12.05344575238872
abroad-together,FLEXECO,Electricity-supply|Imports,GW,typical-day-winter,2050 13:00,12.223502268390366
abroad-together,FLEXECO,Electricity-supply|Imports,GW,typical-day-winter,2050 14:00,6.255492745355799
abroad-together,FLEXECO,Electricity-supply|Imports,GW,typical-day-winter,2050 15:00,6.508738660971298
abroad-together,FLEXECO,Electricity-supply|Imports,GW,typical-day-winter,2050 16:00,6.1795981579352475
abroad-together,FLEXECO,Electricity-supply|Imports,GW,typical-day-winter,2050 17:00,5.490755222407921
abroad-together,FLEXECO,Electricity-supply|Imports,GW,typical-day-winter,2050 18:00,5.660601345371447
abroad-together,FLEXECO,Electricity-supply|Imports,GW,typical-day-winter,2050 19:00,6.599108299123612
abroad-together,FLEXECO,Electricity-supply|Imports,GW,typical-day-winter,2050 20:00,5.025372172239746
abroad-together,FLEXECO,Electricity-supply|Imports,GW,typical-day-winter,2050 21:00,4.227753032395763
abroad-together,FLEXECO,Electricity-supply|Imports,GW,typical-day-winter,2050 22:00,4.325518647335609
abroad-together,FLEXECO,Electricity-supply|Imports,GW,typical-day-winter,2050 23:00,4.200716052059297
abroad-together,FLEXECO,Electricity-consumption|Total,GW,typical-day-winter,2050 00:00,9.711482409467381
abroad-together,FLEXECO,Electricity-consumption|Total,GW,typical-day-winter,2050 01:00,9.86930576045718
abroad-together,FLEXECO,Electricity-consumption|Total,GW,typical-day-winter,2050 02:00,9.78998890525135
abroad-together,FLEXECO,Electricity-consumption|Total,GW,typical-day-winter,2050 03:00,9.97725500096676
abroad-together,FLEXECO,Electricity-consumption|Total,GW,typical-day-winter,2050 04:00,9.692858983099836
abroad-together,FLEXECO,Electricity-consumption|Total,GW,typical-day-winter,2050 05:00,9.80624415179594
abroad-together,FLEXECO,Electricity-consumption|Total,GW,typical-day-winter,2050 06:00,10.060563964706503
abroad-together,FLEXECO,Electricity-consumption|Total,GW,typical-day-winter,2050 07:00,10.392000095813396
abroad-together,FLEXECO,Electricity-consumption|Total,GW,typical-day-winter,2050 08:00,15.903500684849995
abroad-together,FLEXECO,Electricity-consumption|Total,GW,typical-day-winter,2050 09:00,16.11747337886001
abroad-together,FLEXECO,Electricity-consumption|Total,GW,typical-day-winter,2050 10:00,16.15334305560001
abroad-together,FLEXECO,Electricity-consumption|Total,GW,typical-day-winter,2050 11:00,16.132997691709992
abroad-together,FLEXECO,Electricity-consumption|Total,GW,typical-day-winter,2050 12:00,15.835791335529997
abroad-together,FLEXECO,Electricity-consumption|Total,GW,typical-day-winter,2050 13:00,15.706744295120012
abroad-together,FLEXECO,Electricity-consumption|Total,GW,typical-day-winter,2050 14:00,12.31609237299518
abroad-together,FLEXECO,Electricity-consumption|Total,GW,typical-day-winter,2050 15:00,11.41622081797928
abroad-together,FLEXECO,Electricity-consumption|Total,GW,typical-day-winter,2050 16:00,11.369000067072731
abroad-together,FLEXECO,Electricity-consumption|Total,GW,typical-day-winter,2050 17:00,12.050000066422186
abroad-together,FLEXECO,Electricity-consumption|Total,GW,typical-day-winter,2050 18:00,12.310000067393313
abroad-together,FLEXECO,Electricity-consumption|Total,GW,typical-day-winter,2050 19:00,12.048000065810463
abroad-together,FLEXECO,Electricity-consumption|Total,GW,typical-day-winter,2050 20:00,11.537000065534667
abroad-together,FLEXECO,Electricity-consumption|Total,GW,typical-day-winter,2050 21:00,10.851000064244063
abroad-together,FLEXECO,Electricity-consumption|Total,GW,typical-day-winter,2050 22:00,10.06300006732699
abroad-together,FLEXECO,Electricity-consumption|Total,GW,typical-day-winter,2050 23:00,9.491000067385704
abroad-together,FLEXECO,Electricity-consumption|Base,GW,typical-day-winter,2050 00:00,6.289999999960002
abroad-together,FLEXECO,Electricity-consumption|Base,GW,typical-day-winter,2050 01:00,6.399999999960004
abroad-together,FLEXECO,Electricity-consumption|Base,GW,typical-day-winter,2050 02:00,6.3509999999600115
abroad-together,FLEXECO,Electricity-consumption|Base,GW,typical-day-winter,2050 03:00,6.2959999999599985
abroad-together,FLEXECO,Electricity-consumption|Base,GW,typical-day-winter,2050 04:00,6.195999999959998
abroad-together,FLEXECO,Electricity-consumption|Base,GW,typical-day-winter,2050 05:00,6.0919999999600005
abroad-together,FLEXECO,Electricity-consumption|Base,GW,typical-day-winter,2050 06:00,6.16799999996
abroad-together,FLEXECO,Electricity-consumption|Base,GW,typical-day-winter,2050 07:00,6.6069999999599975
abroad-together,FLEXECO,Electricity-consumption|Base,GW,typical-day-winter,2050 08:00,6.873999999959999
abroad-together,FLEXECO,Electricity-consumption|Base,GW,typical-day-winter,2050 09:00,6.8509999999600035
abroad-together,FLEXECO,Electricity-consumption|Base,GW,typical-day-winter,2050 10:00,6.867999999960003
abroad-together,FLEXECO,Electricity-consumption|Base,GW,typical-day-winter,2050 11:00,6.878999999959999
abroad-together,FLEXECO,Electricity-consumption|Base,GW,typical-day-winter,2050 12:00,6.590999999960005
abroad-together,FLEXECO,Electricity-consumption|Base,GW,typical-day-winter,2050 13:00,6.544999999959997
abroad-together,FLEXECO,Electricity-consumption|Base,GW,typical-day-winter,2050 14:00,6.445999999960005
abroad-together,FLEXECO,Electricity-consumption|Base,GW,typical-day-winter,2050 15:00,6.47399999996
abroad-together,FLEXECO,Electricity-consumption|Base,GW,typical-day-winter,2050 16:00,6.590999999960005
abroad-together,FLEXECO,Electricity-consumption|Base,GW,typical-day-winter,2050 17:00,6.804999999960001
abroad-together,FLEXECO,Electricity-consumption|Base,GW,typical-day-winter,2050 18:00,6.740999999960003
abroad-together,FLEXECO,Electricity-consumption|Base,GW,typical-day-winter,2050 19:00,6.455999999960004
abroad-together,FLEXECO,Electricity-consumption|Base,GW,typical-day-winter,2050 20:00,6.101999999960002
abroad-together,FLEXECO,Electricity-consumption|Base,GW,typical-day-winter,2050 21:00,5.85999999996
abroad-together,FLEXECO,Electricity-consumption|Base,GW,typical-day-winter,2050 22:00,5.742999999959999
abroad-together,FLEXECO,Electricity-consumption|Base,GW,typical-day-winter,2050 23:00,5.981999999960005
abroad-together,FLEXECO,Electricity-consumption|Electrolysis,GW,typical-day-winter,2050 00:00,0.0
abroad-together,FLEXECO,Electricity-consumption|Electrolysis,GW,typical-day-winter,2050 01:00,0.0
abroad-together,FLEXECO,Electricity-consumption|Electrolysis,GW,typical-day-winter,2050 02:00,0.0
abroad-together,FLEXECO,Electricity-consumption|Electrolysis,GW,typical-day-winter,2050 03:00,0.0
abroad-together,FLEXECO,Electricity-consumption|Electrolysis,GW,typical-day-winter,2050 04:00,0.0
abroad-together,FLEXECO,Electricity-consumption|Electrolysis,GW,typical-day-winter,2050 05:00,0.0
abroad-together,FLEXECO,Electricity-consumption|Electrolysis,GW,typical-day-winter,2050 06:00,0.0
abroad-together,FLEXECO,Electricity-consumption|Electrolysis,GW,typical-day-winter,2050 07:00,0.0
abroad-together,FLEXECO,Electricity-consumption|Electrolysis,GW,typical-day-winter,2050 08:00,0.0
abroad-together,FLEXECO,Electricity-consumption|Electrolysis,GW,typical-day-winter,2050 09:00,0.0
abroad-together,FLEXECO,Electricity-consumption|Electrolysis,GW,typical-day-winter,2050 10:00,0.0
abroad-together,FLEXECO,Electricity-consumption|Electrolysis,GW,typical-day-winter,2050 11:00,0.0
abroad-together,FLEXECO,Electricity-consumption|Electrolysis,GW,typical-day-winter,2050 12:00,0.0
abroad-together,FLEXECO,Electricity-consumption|Electrolysis,GW,typical-day-winter,2050 13:00,0.0
abroad-together,FLEXECO,Electricity-consumption|Electrolysis,GW,typical-day-winter,2050 14:00,0.0
abroad-together,FLEXECO,Electricity-consumption|Electrolysis,GW,typical-day-winter,2050 15:00,0.0
abroad-together,FLEXECO,Electricity-consumption|Electrolysis,GW,typical-day-winter,2050 16:00,0.0
abroad-together,FLEXECO,Electricity-consumption|Electrolysis,GW,typical-day-winter,2050 17:00,0.0
abroad-together,FLEXECO,Electricity-consumption|Electrolysis,GW,typical-day-winter,2050 18:00,0.0
abroad-together,FLEXECO,Electricity-consumption|Electrolysis,GW,typical-day-winter,2050 19:00,0.0
abroad-together,FLEXECO,Electricity-consumption|Electrolysis,GW,typical-day-winter,2050 20:00,0.0
abroad-together,FLEXECO,Electricity-consumption|Electrolysis,GW,typical-day-winter,2050 21:00,0.0
abroad-together,FLEXECO,Electricity-consumption|Electrolysis,GW,typical-day-winter,2050 22:00,0.0
abroad-together,FLEXECO,Electricity-consumption|Electrolysis,GW,typical-day-winter,2050 23:00,0.0
abroad-together,FLEXECO,Electricity-consumption|Battery-vehicles,GW,typical-day-winter,2050 00:00,1.5279999998400002
abroad-together,FLEXECO,Electricity-consumption|Battery-vehicles,GW,typical-day-winter,2050 01:00,0.9809999997749999
abroad-together,FLEXECO,Electricity-consumption|Battery-vehicles,GW,typical-day-winter,2050 02:00,0.5689999996940003
abroad-together,FLEXECO,Electricity-consumption|Battery-vehicles,GW,typical-day-winter,2050 03:00,0.294999999596
abroad-together,FLEXECO,Electricity-consumption|Battery-vehicles,GW,typical-day-winter,2050 04:00,0.145999999433
abroad-together,FLEXECO,Electricity-consumption|Battery-vehicles,GW,typical-day-winter,2050 05:00,0.132999999363
abroad-together,FLEXECO,Electricity-consumption|Battery-vehicles,GW,typical-day-winter,2050 06:00,0.3089999995950002
abroad-together,FLEXECO,Electricity-consumption|Battery-vehicles,GW,typical-day-winter,2050 07:00,0.694999999693
abroad-together,FLEXECO,Electricity-consumption|Battery-vehicles,GW,typical-day-winter,2050 08:00,1.0799999997799996
abroad-together,FLEXECO,Electricity-consumption|Battery-vehicles,GW,typical-day-winter,2050 09:00,1.3479999998300003
abroad-together,FLEXECO,Electricity-consumption|Battery-vehicles,GW,typical-day-winter,2050 10:00,1.46499999984
abroad-together,FLEXECO,Electricity-consumption|Battery-vehicles,GW,typical-day-winter,2050 11:00,1.52399999984
abroad-together,FLEXECO,Electricity-consumption|Battery-vehicles,GW,typical-day-winter,2050 12:00,1.55999999984
abroad-together,FLEXECO,Electricity-consumption|Battery-vehicles,GW,typical-day-winter,2050 13:00,1.5149999998399994
abroad-together,FLEXECO,Electricity-consumption|Battery-vehicles,GW,typical-day-winter,2050 14:00,1.5969999998399997
abroad-together,FLEXECO,Electricity-consumption|Battery-vehicles,GW,typical-day-winter,2050 15:00,1.6939999998500002
abroad-together,FLEXECO,Electricity-consumption|Battery-vehicles,GW,typical-day-winter,2050 16:00,1.92899999985
abroad-together,FLEXECO,Electricity-consumption|Battery-vehicles,GW,typical-day-winter,2050 17:00,2.3169999998700006
abroad-together,FLEXECO,Electricity-consumption|Battery-vehicles,GW,typical-day-winter,2050 18:00,2.6249999998899995
abroad-together,FLEXECO,Electricity-consumption|Battery-vehicles,GW,typical-day-winter,2050 19:00,2.667999999889999
abroad-together,FLEXECO,Electricity-consumption|Battery-vehicles,GW,typical-day-winter,2050 20:00,2.583999999889999
abroad-together,FLEXECO,Electricity-consumption|Battery-vehicles,GW,typical-day-winter,2050 21:00,2.37599999987
abroad-together,FLEXECO,Electricity-consumption|Battery-vehicles,GW,typical-day-winter,2050 22:00,2.09699999987
abroad-together,FLEXECO,Electricity-consumption|Battery-vehicles,GW,typical-day-winter,2050 23:00,1.73999999985
abroad-together,FLEXECO,Electricity-consumption|Heat pumps,GW,typical-day-winter,2050 00:00,1.5059999998400007
abroad-together,FLEXECO,Electricity-consumption|Heat pumps,GW,typical-day-winter,2050 01:00,1.57099999984
abroad-together,FLEXECO,Electricity-consumption|Heat pumps,GW,typical-day-winter,2050 02:00,1.5929999998399995
abroad-together,FLEXECO,Electricity-consumption|Heat pumps,GW,typical-day-winter,2050 03:00,1.7119999998499997
abroad-together,FLEXECO,Electricity-consumption|Heat pumps,GW,typical-day-winter,2050 04:00,2.0139999998699993
abroad-together,FLEXECO,Electricity-consumption|Heat pumps,GW,typical-day-winter,2050 05:00,2.8229999998899995
abroad-together,FLEXECO,Electricity-consumption|Heat pumps,GW,typical-day-winter,2050 06:00,3.0679999998899996
abroad-together,FLEXECO,Electricity-consumption|Heat pumps,GW,typical-day-winter,2050 07:00,2.9759999998899986
abroad-together,FLEXECO,Electricity-consumption|Heat pumps,GW,typical-day-winter,2050 08:00,2.948999999890001
abroad-together,FLEXECO,Electricity-consumption|Heat pumps,GW,typical-day-winter,2050 09:00,2.8569999998900006
abroad-together,FLEXECO,Electricity-consumption|Heat pumps,GW,typical-day-winter,2050 10:00,2.746999999890001
abroad-together,FLEXECO,Electricity-consumption|Heat pumps,GW,typical-day-winter,2050 11:00,2.644999999889998
abroad-together,FLEXECO,Electricity-consumption|Heat pumps,GW,typical-day-winter,2050 12:00,2.6009999998900004
abroad-together,FLEXECO,Electricity-consumption|Heat pumps,GW,typical-day-winter,2050 13:00,2.585999999889998
abroad-together,FLEXECO,Electricity-consumption|Heat pumps,GW,typical-day-winter,2050 14:00,2.5989999998899997
abroad-together,FLEXECO,Electricity-consumption|Heat pumps,GW,typical-day-winter,2050 15:00,2.6339999998899994
abroad-together,FLEXECO,Electricity-consumption|Heat pumps,GW,typical-day-winter,2050 16:00,2.7349999998899994
abroad-together,FLEXECO,Electricity-consumption|Heat pumps,GW,typical-day-winter,2050 17:00,2.8139999998899987
abroad-together,FLEXECO,Electricity-consumption|Heat pumps,GW,typical-day-winter,2050 18:00,2.82999999989
abroad-together,FLEXECO,Electricity-consumption|Heat pumps,GW,typical-day-winter,2050 19:00,2.8099999998899987
abroad-together,FLEXECO,Electricity-consumption|Heat pumps,GW,typical-day-winter,2050 20:00,2.7369999998899988
abroad-together,FLEXECO,Electricity-consumption|Heat pumps,GW,typical-day-winter,2050 21:00,2.500999999889998
abroad-together,FLEXECO,Electricity-consumption|Heat pumps,GW,typical-day-winter,2050 22:00,2.10899999987
abroad-together,FLEXECO,Electricity-consumption|Heat pumps,GW,typical-day-winter,2050 23:00,1.6549999998400011
abroad-together,FLEXECO,Electricity-consumption|PHS-in,GW,typical-day-winter,2050 00:00,0.3874824098273929
abroad-together,FLEXECO,Electricity-consumption|PHS-in,GW,typical-day-winter,2050 01:00,0.9173057608821831
abroad-together,FLEXECO,Electricity-consumption|PHS-in,GW,typical-day-winter,2050 02:00,1.2769889057573398
abroad-together,FLEXECO,Electricity-consumption|PHS-in,GW,typical-day-winter,2050 03:00,1.67425500156076
abroad-together,FLEXECO,Electricity-consumption|PHS-in,GW,typical-day-winter,2050 04:00,1.3368589838368432
abroad-together,FLEXECO,Electricity-consumption|PHS-in,GW,typical-day-winter,2050 05:00,0.7582441525829504
abroad-together,FLEXECO,Electricity-consumption|PHS-in,GW,typical-day-winter,2050 06:00,0.5155639652615093
abroad-together,FLEXECO,Electricity-consumption|PHS-in,GW,typical-day-winter,2050 07:00,0.11400009627039956
abroad-together,FLEXECO,Electricity-consumption|PHS-in,GW,typical-day-winter,2050 08:00,5.0005006852200005
abroad-together,FLEXECO,Electricity-consumption|PHS-in,GW,typical-day-winter,2050 09:00,5.061473379180001
abroad-together,FLEXECO,Electricity-consumption|PHS-in,GW,typical-day-winter,2050 10:00,5.07334305591
abroad-together,FLEXECO,Electricity-consumption|PHS-in,GW,typical-day-winter,2050 11:00,5.084997692020001
abroad-together,FLEXECO,Electricity-consumption|PHS-in,GW,typical-day-winter,2050 12:00,5.083791335840001
abroad-together,FLEXECO,Electricity-consumption|PHS-in,GW,typical-day-winter,2050 13:00,5.06074429543
abroad-together,FLEXECO,Electricity-consumption|PHS-in,GW,typical-day-winter,2050 14:00,1.67409237330517
abroad-together,FLEXECO,Electricity-consumption|PHS-in,GW,typical-day-winter,2050 15:00,0.614220818279281
abroad-together,FLEXECO,Electricity-consumption|PHS-in,GW,typical-day-winter,2050 16:00,0.11400006737271803
abroad-together,FLEXECO,Electricity-consumption|PHS-in,GW,typical-day-winter,2050 17:00,0.11400006670217422
abroad-together,FLEXECO,Electricity-consumption|PHS-in,GW,typical-day-winter,2050 18:00,0.11400006765330312
abroad-together,FLEXECO,Electricity-consumption|PHS-in,GW,typical-day-winter,2050 19:00,0.11400006607046047
abroad-together,FLEXECO,Electricity-consumption|PHS-in,GW,typical-day-winter,2050 20:00,0.11400006579464314
abroad-together,FLEXECO,Electricity-consumption|PHS-in,GW,typical-day-winter,2050 21:00,0.11400006452406551
abroad-together,FLEXECO,Electricity-consumption|PHS-in,GW,typical-day-winter,2050 22:00,0.11400006762699183
abroad-together,FLEXECO,Electricity-consumption|PHS-in,GW,typical-day-winter,2050 23:00,0.11400006773570275
abroad-together,FLEXECO,Electricity-consumption|Exports,GW,typical-day-winter,2050 00:00,0.0
abroad-together,FLEXECO,Electricity-consumption|Exports,GW,typical-day-winter,2050 01:00,0.0
abroad-together,FLEXECO,Electricity-consumption|Exports,GW,typical-day-winter,2050 02:00,0.0
abroad-together,FLEXECO,Electricity-consumption|Exports,GW,typical-day-winter,2050 03:00,0.0
abroad-together,FLEXECO,Electricity-consumption|Exports,GW,typical-day-winter,2050 04:00,0.0
abroad-together,FLEXECO,Electricity-consumption|Exports,GW,typical-day-winter,2050 05:00,0.0
abroad-together,FLEXECO,Electricity-consumption|Exports,GW,typical-day-winter,2050 06:00,0.0
abroad-together,FLEXECO,Electricity-consumption|Exports,GW,typical-day-winter,2050 07:00,0.0
abroad-together,FLEXECO,Electricity-consumption|Exports,GW,typical-day-winter,2050 08:00,0.0
abroad-together,FLEXECO,Electricity-consumption|Exports,GW,typical-day-winter,2050 09:00,0.0
abroad-together,FLEXECO,Electricity-consumption|Exports,GW,typical-day-winter,2050 10:00,0.0
abroad-together,FLEXECO,Electricity-consumption|Exports,GW,typical-day-winter,2050 11:00,0.0
abroad-together,FLEXECO,Electricity-consumption|Exports,GW,typical-day-winter,2050 12:00,0.0
abroad-together,FLEXECO,Electricity-consumption|Exports,GW,typical-day-winter,2050 13:00,0.0
abroad-together,FLEXECO,Electricity-consumption|Exports,GW,typical-day-winter,2050 14:00,0.0
abroad-together,FLEXECO,Electricity-consumption|Exports,GW,typical-day-winter,2050 15:00,0.0
abroad-together,FLEXECO,Electricity-consumption|Exports,GW,typical-day-winter,2050 16:00,0.0
abroad-together,FLEXECO,Electricity-consumption|Exports,GW,typical-day-winter,2050 17:00,0.0
abroad-together,FLEXECO,Electricity-consumption|Exports,GW,typical-day-winter,2050 18:00,0.0
abroad-together,FLEXECO,Electricity-consumption|Exports,GW,typical-day-winter,2050 19:00,0.0
abroad-together,FLEXECO,Electricity-consumption|Exports,GW,typical-day-winter,2050 20:00,0.0
abroad-together,FLEXECO,Electricity-consumption|Exports,GW,typical-day-winter,2050 21:00,0.0
abroad-together,FLEXECO,Electricity-consumption|Exports,GW,typical-day-winter,2050 22:00,0.0
abroad-together,FLEXECO,Electricity-consumption|Exports,GW,typical-day-winter,2050 23:00,0.0
abroad-together,FLEXECO,Electricity-supply|Total,GW,typical-day-summer,2050 00:00,11.241997535037513
abroad-together,FLEXECO,Electricity-supply|Total,GW,typical-day-summer,2050 01:00,10.829114747764477
abroad-together,FLEXECO,Electricity-supply|Total,GW,typical-day-summer,2050 02:00,10.55801081500814
abroad-together,FLEXECO,Electricity-supply|Total,GW,typical-day-summer,2050 03:00,10.441107848925332
abroad-together,FLEXECO,Electricity-supply|Total,GW,typical-day-summer,2050 04:00,10.653279411372619
abroad-together,FLEXECO,Electricity-supply|Total,GW,typical-day-summer,2050 05:00,10.762520025179729
abroad-together,FLEXECO,Electricity-supply|Total,GW,typical-day-summer,2050 06:00,11.90204753872944
abroad-together,FLEXECO,Electricity-supply|Total,GW,typical-day-summer,2050 07:00,12.720507947438525
abroad-together,FLEXECO,Electricity-supply|Total,GW,typical-day-summer,2050 08:00,15.369492964718038
abroad-together,FLEXECO,Electricity-supply|Total,GW,typical-day-summer,2050 09:00,19.389140569232186
abroad-together,FLEXECO,Electricity-supply|Total,GW,typical-day-summer,2050 10:00,21.640910113683002
abroad-together,FLEXECO,Electricity-supply|Total,GW,typical-day-summer,2050 11:00,24.37948354274499
abroad-together,FLEXECO,Electricity-supply|Total,GW,typical-day-summer,2050 12:00,25.255441854816638
abroad-together,FLEXECO,Electricity-supply|Total,GW,typical-day-summer,2050 13:00,25.419562737982808
abroad-together,FLEXECO,Electricity-supply|Total,GW,typical-day-summer,2050 14:00,22.806418304123948
abroad-together,FLEXECO,Electricity-supply|Total,GW,typical-day-summer,2050 15:00,19.412585523218404
abroad-together,FLEXECO,Electricity-supply|Total,GW,typical-day-summer,2050 16:00,14.726960217811904
abroad-together,FLEXECO,Electricity-supply|Total,GW,typical-day-summer,2050 17:00,13.548068628057388
abroad-together,FLEXECO,Electricity-supply|Total,GW,typical-day-summer,2050 18:00,6.799281683207315
abroad-together,FLEXECO,Electricity-supply|Total,GW,typical-day-summer,2050 19:00,6.006686221540093
abroad-together,FLEXECO,Electricity-supply|Total,GW,typical-day-summer,2050 20:00,5.613499406230956
abroad-together,FLEXECO,Electricity-supply|Total,GW,typical-day-summer,2050 21:00,5.257607534093592
abroad-together,FLEXECO,Electricity-supply|Total,GW,typical-day-summer,2050 22:00,4.569838075146982
abroad-together,FLEXECO,Electricity-supply|Total,GW,typical-day-summer,2050 23:00,4.282521722265073
abroad-together,FLEXECO,Electricity-supply|PHS-out,GW,typical-day-summer,2050 00:00,4.369036715715171
abroad-together,FLEXECO,Electricity-supply|PHS-out,GW,typical-day-summer,2050 01:00,4.309655481995802
abroad-together,FLEXECO,Electricity-supply|PHS-out,GW,typical-day-summer,2050 02:00,4.31249959249331
abroad-together,FLEXECO,Electricity-supply|PHS-out,GW,typical-day-summer,2050 03:00,4.307052224889902
abroad-together,FLEXECO,Electricity-supply|PHS-out,GW,typical-day-summer,2050 04:00,4.30631468711309
abroad-together,FLEXECO,Electricity-supply|PHS-out,GW,typical-day-summer,2050 05:00,4.31448154096312
abroad-together,FLEXECO,Electricity-supply|PHS-out,GW,typical-day-summer,2050 06:00,4.304720190429367
abroad-together,FLEXECO,Electricity-supply|PHS-out,GW,typical-day-summer,2050 07:00,3.1874972142949263
abroad-together,FLEXECO,Electricity-supply|PHS-out,GW,typical-day-summer,2050 08:00,0.30744533839663984
abroad-together,FLEXECO,Electricity-supply|PHS-out,GW,typical-day-summer,2050 09:00,0.07565059850625123
abroad-together,FLEXECO,Electricity-supply|PHS-out,GW,typical-day-summer,2050 10:00,0.07565043952131298
abroad-together,FLEXECO,Electricity-supply|PHS-out,GW,typical-day-summer,2050 11:00,0.0756501476402343
abroad-together,FLEXECO,Electricity-supply|PHS-out,GW,typical-day-summer,2050 12:00,0.07564960050444997
abroad-together,FLEXECO,Electricity-supply|PHS-out,GW,typical-day-summer,2050 13:00,0.07564998264423865
abroad-together,FLEXECO,Electricity-supply|PHS-out,GW,typical-day-summer,2050 14:00,0.0756500589289277
abroad-together,FLEXECO,Electricity-supply|PHS-out,GW,typical-day-summer,2050 15:00,0.07565062211563801
abroad-together,FLEXECO,Electricity-supply|PHS-out,GW,typical-day-summer,2050 16:00,0.4096745369639127
abroad-together,FLEXECO,Electricity-supply|PHS-out,GW,typical-day-summer,2050 17:00,3.790922089620964
abroad-together,FLEXECO,Electricity-supply|PHS-out,GW,typical-day-summer,2050 18:00,1.6789398007978047
abroad-together,FLEXECO,Electricity-supply|PHS-out,GW,typical-day-summer,2050 19:00,1.8232279495761834
abroad-together,FLEXECO,Electricity-supply|PHS-out,GW,typical-day-summer,2050 20:00,1.7585834806719
abroad-together,FLEXECO,Electricity-supply|PHS-out,GW,typical-day-summer,2050 21:00,1.5421147129455663
abroad-together,FLEXECO,Electricity-supply|PHS-out,GW,typical-day-summer,2050 22:00,1.0811436990405998
abroad-together,FLEXECO,Electricity-supply|PHS-out,GW,typical-day-summer,2050 23:00,0.8850478631798068
abroad-together,FLEXECO,Electricity-supply|Hydro Dams,GW,typical-day-summer,2050 00:00,3.6552442671033507
abroad-together,FLEXECO,Electricity-supply|Hydro Dams,GW,typical-day-summer,2050 01:00,3.222232204902681
abroad-together,FLEXECO,Electricity-supply|Hydro Dams,GW,typical-day-summer,2050 02:00,3.279307809277039
abroad-together,FLEXECO,Electricity-supply|Hydro Dams,GW,typical-day-summer,2050 03:00,3.140937396013435
abroad-together,FLEXECO,Electricity-supply|Hydro Dams,GW,typical-day-summer,2050 04:00,3.089686504475532
abroad-together,FLEXECO,Electricity-supply|Hydro Dams,GW,typical-day-summer,2050 05:00,3.3009972405146035
abroad-together,FLEXECO,Electricity-supply|Hydro Dams,GW,typical-day-summer,2050 06:00,3.2686322850400567
abroad-together,FLEXECO,Electricity-supply|Hydro Dams,GW,typical-day-summer,2050 07:00,0.4593175037035905
abroad-together,FLEXECO,Electricity-supply|Hydro Dams,GW,typical-day-summer,2050 08:00,0.13970614993139177
abroad-together,FLEXECO,Electricity-supply|Hydro Dams,GW,typical-day-summer,2050 09:00,1.4825259285000002e-06
abroad-together,FLEXECO,Electricity-supply|Hydro Dams,GW,typical-day-summer,2050 10:00,1.16068170509e-06
abroad-together,FLEXECO,Electricity-supply|Hydro Dams,GW,typical-day-summer,2050 11:00,7.928345945499997e-07
abroad-together,FLEXECO,Electricity-supply|Hydro Dams,GW,typical-day-summer,2050 12:00,3.7741296498999993e-07
abroad-together,FLEXECO,Electricity-supply|Hydro Dams,GW,typical-day-summer,2050 13:00,5.9212525132e-07
abroad-together,FLEXECO,Electricity-supply|Hydro Dams,GW,typical-day-summer,2050 14:00,7.343350069100001e-07
abroad-together,FLEXECO,Electricity-supply|Hydro Dams,GW,typical-day-summer,2050 15:00,1.6951927522199997e-06
abroad-together,FLEXECO,Electricity-supply|Hydro Dams,GW,typical-day-summer,2050 16:00,0.16214972160799226
abroad-together,FLEXECO,Electricity-supply|Hydro Dams,GW,typical-day-summer,2050 17:00,1.345414192736416
abroad-together,FLEXECO,Electricity-supply|Hydro Dams,GW,typical-day-summer,2050 18:00,0.41989558093950924
abroad-together,FLEXECO,Electricity-supply|Hydro Dams,GW,typical-day-summer,2050 19:00,0.42257925604910973
abroad-together,FLEXECO,Electricity-supply|Hydro Dams,GW,typical-day-summer,2050 20:00,0.4245296967227536
abroad-together,FLEXECO,Electricity-supply|Hydro Dams,GW,typical-day-summer,2050 21:00,0.4145793080207267
abroad-together,FLEXECO,Electricity-supply|Hydro Dams,GW,typical-day-summer,2050 22:00,0.3820692423923817
abroad-together,FLEXECO,Electricity-supply|Hydro Dams,GW,typical-day-summer,2050 23:00,0.36146255522386705
abroad-together,FLEXECO,Electricity-supply|Waste,GW,typical-day-summer,2050 00:00,0.2284999702
abroad-together,FLEXECO,Electricity-supply|Waste,GW,typical-day-summer,2050 01:00,0.2284999702
abroad-together,FLEXECO,Electricity-supply|Waste,GW,typical-day-summer,2050 02:00,0.2284999702
abroad-together,FLEXECO,Electricity-supply|Waste,GW,typical-day-summer,2050 03:00,0.2284999701
abroad-together,FLEXECO,Electricity-supply|Waste,GW,typical-day-summer,2050 04:00,0.2284999701
abroad-together,FLEXECO,Electricity-supply|Waste,GW,typical-day-summer,2050 05:00,0.2284999702
abroad-together,FLEXECO,Electricity-supply|Waste,GW,typical-day-summer,2050 06:00,0.22849997030000002
abroad-together,FLEXECO,Electricity-supply|Waste,GW,typical-day-summer,2050 07:00,0.21879964159999998
abroad-together,FLEXECO,Electricity-supply|Waste,GW,typical-day-summer,2050 08:00,0.21879967390000002
abroad-together,FLEXECO,Electricity-supply|Waste,GW,typical-day-summer,2050 09:00,0.2122994721
abroad-together,FLEXECO,Electricity-supply|Waste,GW,typical-day-summer,2050 10:00,0.21229909630000005
abroad-together,FLEXECO,Electricity-supply|Waste,GW,typical-day-summer,2050 11:00,0.19370148280000002
abroad-together,FLEXECO,Electricity-supply|Waste,GW,typical-day-summer,2050 12:00,0.15639927280000002
abroad-together,FLEXECO,Electricity-supply|Waste,GW,typical-day-summer,2050 13:00,0.18479998289999996
abroad-together,FLEXECO,Electricity-supply|Waste,GW,typical-day-summer,2050 14:00,0.2062540578
abroad-together,FLEXECO,Electricity-supply|Waste,GW,typical-day-summer,2050 15:00,0.2122998544
abroad-together,FLEXECO,Electricity-supply|Waste,GW,typical-day-summer,2050 16:00,0.21879965769999998
abroad-together,FLEXECO,Electricity-supply|Waste,GW,typical-day-summer,2050 17:00,0.21879985329999999
abroad-together,FLEXECO,Electricity-supply|Waste,GW,typical-day-summer,2050 18:00,0.21879966780000004
abroad-together,FLEXECO,Electricity-supply|Waste,GW,typical-day-summer,2050 19:00,0.21879966580000001
abroad-together,FLEXECO,Electricity-supply|Waste,GW,typical-day-summer,2050 20:00,0.21879966050000002
abroad-together,FLEXECO,Electricity-supply|Waste,GW,typical-day-summer,2050 21:00,0.21879965980000002
abroad-together,FLEXECO,Electricity-supply|Waste,GW,typical-day-summer,2050 22:00,0.21879965830000006
abroad-together,FLEXECO,Electricity-supply|Waste,GW,typical-day-summer,2050 23:00,0.21879965919999997
abroad-together,FLEXECO,Electricity-supply|Hydro RoR,GW,typical-day-summer,2050 00:00,2.3389714898000005
abroad-together,FLEXECO,Electricity-supply|Hydro RoR,GW,typical-day-summer,2050 01:00,2.3389714897000005
abroad-together,FLEXECO,Electricity-supply|Hydro RoR,GW,typical-day-summer,2050 02:00,2.3389714897000005
abroad-together,FLEXECO,Electricity-supply|Hydro RoR,GW,typical-day-summer,2050 03:00,2.338971489700001
abroad-together,FLEXECO,Electricity-supply|Hydro RoR,GW,typical-day-summer,2050 04:00,2.338971489800001
abroad-together,FLEXECO,Electricity-supply|Hydro RoR,GW,typical-day-summer,2050 05:00,2.338971489900001
abroad-together,FLEXECO,Electricity-supply|Hydro RoR,GW,typical-day-summer,2050 06:00,2.3389714910000006
abroad-together,FLEXECO,Electricity-supply|Hydro RoR,GW,typical-day-summer,2050 07:00,2.3389701561000003
abroad-together,FLEXECO,Electricity-supply|Hydro RoR,GW,typical-day-summer,2050 08:00,2.3389702616
abroad-together,FLEXECO,Electricity-supply|Hydro RoR,GW,typical-day-summer,2050 09:00,2.3058195360000004
abroad-together,FLEXECO,Electricity-supply|Hydro RoR,GW,typical-day-summer,2050 10:00,2.1482312094
abroad-together,FLEXECO,Electricity-supply|Hydro RoR,GW,typical-day-summer,2050 11:00,2.062612282597084
abroad-together,FLEXECO,Electricity-supply|Hydro RoR,GW,typical-day-summer,2050 12:00,1.9324476515565563
abroad-together,FLEXECO,Electricity-supply|Hydro RoR,GW,typical-day-summer,2050 13:00,1.9859340586483527
abroad-together,FLEXECO,Electricity-supply|Hydro RoR,GW,typical-day-summer,2050 14:00,2.1816879568999994
abroad-together,FLEXECO,Electricity-supply|Hydro RoR,GW,typical-day-summer,2050 15:00,2.295929137599999
abroad-together,FLEXECO,Electricity-supply|Hydro RoR,GW,typical-day-summer,2050 16:00,2.3389702141000006
abroad-together,FLEXECO,Electricity-supply|Hydro RoR,GW,typical-day-summer,2050 17:00,2.3389702607000005
abroad-together,FLEXECO,Electricity-supply|Hydro RoR,GW,typical-day-summer,2050 18:00,2.3389702409
abroad-together,FLEXECO,Electricity-supply|Hydro RoR,GW,typical-day-summer,2050 19:00,2.3389702396000005
abroad-together,FLEXECO,Electricity-supply|Hydro RoR,GW,typical-day-summer,2050 20:00,2.3389702357
abroad-together,FLEXECO,Electricity-supply|Hydro RoR,GW,typical-day-summer,2050 21:00,2.3389702351000006
abroad-together,FLEXECO,Electricity-supply|Hydro RoR,GW,typical-day-summer,2050 22:00,2.3389702333000004
abroad-together,FLEXECO,Electricity-supply|Hydro RoR,GW,typical-day-summer,2050 23:00,2.338970233700001
abroad-together,FLEXECO,Electricity-supply|Solar,GW,typical-day-summer,2050 00:00,0.010310971629000002
abroad-together,FLEXECO,Electricity-supply|Solar,GW,typical-day-summer,2050 01:00,0.010310971626000002
abroad-together,FLEXECO,Electricity-supply|Solar,GW,typical-day-summer,2050 02:00,0.010793965987800002
abroad-together,FLEXECO,Electricity-supply|Solar,GW,typical-day-summer,2050 03:00,0.010310971622
abroad-together,FLEXECO,Electricity-supply|Solar,GW,typical-day-summer,2050 04:00,0.010655970154000004
abroad-together,FLEXECO,Electricity-supply|Solar,GW,typical-day-summer,2050 05:00,0.021320506702000003
abroad-together,FLEXECO,Electricity-supply|Solar,GW,typical-day-summer,2050 06:00,1.3743627812900003
abroad-together,FLEXECO,Electricity-supply|Solar,GW,typical-day-summer,2050 07:00,6.144113428199997
abroad-together,FLEXECO,Electricity-supply|Solar,GW,typical-day-summer,2050 08:00,11.665004928800007
abroad-together,FLEXECO,Electricity-supply|Solar,GW,typical-day-summer,2050 09:00,16.1548497307
abroad-together,FLEXECO,Electricity-supply|Solar,GW,typical-day-summer,2050 10:00,18.494500918499984
abroad-together,FLEXECO,Electricity-supply|Solar,GW,typical-day-summer,2050 11:00,21.43185389650308
abroad-together,FLEXECO,Electricity-supply|Solar,GW,typical-day-summer,2050 12:00,22.303629832088273
abroad-together,FLEXECO,Electricity-supply|Solar,GW,typical-day-summer,2050 13:00,22.174581847602575
abroad-together,FLEXECO,Electricity-supply|Solar,GW,typical-day-summer,2050 14:00,19.493033077000007
abroad-together,FLEXECO,Electricity-supply|Solar,GW,typical-day-summer,2050 15:00,16.1283912624
abroad-together,FLEXECO,Electricity-supply|Solar,GW,typical-day-summer,2050 16:00,11.106270297299993
abroad-together,FLEXECO,Electricity-supply|Solar,GW,typical-day-summer,2050 17:00,5.06412341906
abroad-together,FLEXECO,Electricity-supply|Solar,GW,typical-day-summer,2050 18:00,1.0997842633900003
abroad-together,FLEXECO,Electricity-supply|Solar,GW,typical-day-summer,2050 19:00,0.0242650936548
abroad-together,FLEXECO,Electricity-supply|Solar,GW,typical-day-summer,2050 20:00,0.011854363186300001
abroad-together,FLEXECO,Electricity-supply|Solar,GW,typical-day-summer,2050 21:00,0.0107933515773
abroad-together,FLEXECO,Electricity-supply|Solar,GW,typical-day-summer,2050 22:00,0.009955414154000001
abroad-together,FLEXECO,Electricity-supply|Solar,GW,typical-day-summer,2050 23:00,0.0107833294014
abroad-together,FLEXECO,Electricity-supply|Wind,GW,typical-day-summer,2050 00:00,0.6399341205900002
abroad-together,FLEXECO,Electricity-supply|Wind,GW,typical-day-summer,2050 01:00,0.7194446293400003
abroad-together,FLEXECO,Electricity-supply|Wind,GW,typical-day-summer,2050 02:00,0.38793798735000007
abroad-together,FLEXECO,Electricity-supply|Wind,GW,typical-day-summer,2050 03:00,0.41533579660000003
abroad-together,FLEXECO,Electricity-supply|Wind,GW,typical-day-summer,2050 04:00,0.6791507897300001
abroad-together,FLEXECO,Electricity-supply|Wind,GW,typical-day-summer,2050 05:00,0.5582492769
abroad-together,FLEXECO,Electricity-supply|Wind,GW,typical-day-summer,2050 06:00,0.3868608206699999
abroad-together,FLEXECO,Electricity-supply|Wind,GW,typical-day-summer,2050 07:00,0.37181000353999993
abroad-together,FLEXECO,Electricity-supply|Wind,GW,typical-day-summer,2050 08:00,0.6995666120900002
abroad-together,FLEXECO,Electricity-supply|Wind,GW,typical-day-summer,2050 09:00,0.6405197494
abroad-together,FLEXECO,Electricity-supply|Wind,GW,typical-day-summer,2050 10:00,0.7102272892800003
abroad-together,FLEXECO,Electricity-supply|Wind,GW,typical-day-summer,2050 11:00,0.6156649403699999
abroad-together,FLEXECO,Electricity-supply|Wind,GW,typical-day-summer,2050 12:00,0.7873151204543907
abroad-together,FLEXECO,Electricity-supply|Wind,GW,typical-day-summer,2050 13:00,0.9985962740623758
abroad-together,FLEXECO,Electricity-supply|Wind,GW,typical-day-summer,2050 14:00,0.8497924191599999
abroad-together,FLEXECO,Electricity-supply|Wind,GW,typical-day-summer,2050 15:00,0.7003129515099998
abroad-together,FLEXECO,Electricity-supply|Wind,GW,typical-day-summer,2050 16:00,0.4910957901399999
abroad-together,FLEXECO,Electricity-supply|Wind,GW,typical-day-summer,2050 17:00,0.7898388126399999
abroad-together,FLEXECO,Electricity-supply|Wind,GW,typical-day-summer,2050 18:00,1.0428921293800002
abroad-together,FLEXECO,Electricity-supply|Wind,GW,typical-day-summer,2050 19:00,1.17884401686
abroad-together,FLEXECO,Electricity-supply|Wind,GW,typical-day-summer,2050 20:00,0.8607619694499999
abroad-together,FLEXECO,Electricity-supply|Wind,GW,typical-day-summer,2050 21:00,0.73235026665
abroad-together,FLEXECO,Electricity-supply|Wind,GW,typical-day-summer,2050 22:00,0.5388998279599999
abroad-together,FLEXECO,Electricity-supply|Wind,GW,typical-day-summer,2050 23:00,0.4674580815599999
abroad-together,FLEXECO,Electricity-supply|Imports,GW,typical-day-summer,2050 00:00,-0.0
abroad-together,FLEXECO,Electricity-supply|Imports,GW,typical-day-summer,2050 01:00,-0.0
abroad-together,FLEXECO,Electricity-supply|Imports,GW,typical-day-summer,2050 02:00,-0.0
abroad-together,FLEXECO,Electricity-supply|Imports,GW,typical-day-summer,2050 03:00,-0.0
abroad-together,FLEXECO,Electricity-supply|Imports,GW,typical-day-summer,2050 04:00,-0.0
abroad-together,FLEXECO,Electricity-supply|Imports,GW,typical-day-summer,2050 05:00,-0.0
abroad-together,FLEXECO,Electricity-supply|Imports,GW,typical-day-summer,2050 06:00,-0.0
abroad-together,FLEXECO,Electricity-supply|Imports,GW,typical-day-summer,2050 07:00,-0.0
abroad-together,FLEXECO,Electricity-supply|Imports,GW,typical-day-summer,2050 08:00,-0.0
abroad-together,FLEXECO,Electricity-supply|Imports,GW,typical-day-summer,2050 09:00,-0.0
abroad-together,FLEXECO,Electricity-supply|Imports,GW,typical-day-summer,2050 10:00,-0.0
abroad-together,FLEXECO,Electricity-supply|Imports,GW,typical-day-summer,2050 11:00,-0.0
abroad-together,FLEXECO,Electricity-supply|Imports,GW,typical-day-summer,2050 12:00,-0.0
abroad-together,FLEXECO,Electricity-supply|Imports,GW,typical-day-summer,2050 13:00,-0.0
abroad-together,FLEXECO,Electricity-supply|Imports,GW,typical-day-summer,2050 14:00,-0.0
abroad-together,FLEXECO,Electricity-supply|Imports,GW,typical-day-summer,2050 15:00,-0.0
abroad-together,FLEXECO,Electricity-supply|Imports,GW,typical-day-summer,2050 16:00,-0.0
abroad-together,FLEXECO,Electricity-supply|Imports,GW,typical-day-summer,2050 17:00,-0.0
abroad-together,FLEXECO,Electricity-supply|Imports,GW,typical-day-summer,2050 18:00,2.5291832982446416
abroad-together,FLEXECO,Electricity-supply|Imports,GW,typical-day-summer,2050 19:00,3.345695436500964
abroad-together,FLEXECO,Electricity-supply|Imports,GW,typical-day-summer,2050 20:00,3.3471780628290397
abroad-together,FLEXECO,Electricity-supply|Imports,GW,typical-day-summer,2050 21:00,3.24927913704799
abroad-together,FLEXECO,Electricity-supply|Imports,GW,typical-day-summer,2050 22:00,3.0433409207951914
abroad-together,FLEXECO,Electricity-supply|Imports,GW,typical-day-summer,2050 23:00,2.944529740556117
abroad-together,FLEXECO,Electricity-consumption|Total,GW,typical-day-summer,2050 00:00,6.376000310549832
abroad-together,FLEXECO,Electricity-consumption|Total,GW,typical-day-summer,2050 01:00,5.936000311332327
abroad-together,FLEXECO,Electricity-consumption|Total,GW,typical-day-summer,2050 02:00,5.62300031147963
abroad-together,FLEXECO,Electricity-consumption|Total,GW,typical-day-summer,2050 03:00,5.540000309285165
abroad-together,FLEXECO,Electricity-consumption|Total,GW,typical-day-summer,2050 04:00,5.821000309853218
abroad-together,FLEXECO,Electricity-consumption|Total,GW,typical-day-summer,2050 05:00,6.453000309853547
abroad-together,FLEXECO,Electricity-consumption|Total,GW,typical-day-summer,2050 06:00,7.2020003114115125
abroad-together,FLEXECO,Electricity-consumption|Total,GW,typical-day-summer,2050 07:00,8.05193777529485
abroad-together,FLEXECO,Electricity-consumption|Total,GW,typical-day-summer,2050 08:00,8.445608362044615
abroad-together,FLEXECO,Electricity-consumption|Total,GW,typical-day-summer,2050 09:00,9.296000705487685
abroad-together,FLEXECO,Electricity-consumption|Total,GW,typical-day-summer,2050 10:00,9.45700087180842
abroad-together,FLEXECO,Electricity-consumption|Total,GW,typical-day-summer,2050 11:00,10.27312991615618
abroad-together,FLEXECO,Electricity-consumption|Total,GW,typical-day-summer,2050 12:00,12.95313089814997
abroad-together,FLEXECO,Electricity-consumption|Total,GW,typical-day-summer,2050 13:00,11.863562119453631
abroad-together,FLEXECO,Electricity-consumption|Total,GW,typical-day-summer,2050 14:00,11.319644403785672
abroad-together,FLEXECO,Electricity-consumption|Total,GW,typical-day-summer,2050 15:00,8.983000150024898
abroad-together,FLEXECO,Electricity-consumption|Total,GW,typical-day-summer,2050 16:00,8.526135516006741
abroad-together,FLEXECO,Electricity-consumption|Total,GW,typical-day-summer,2050 17:00,8.977001479179538
abroad-together,FLEXECO,Electricity-consumption|Total,GW,typical-day-summer,2050 18:00,9.328464981451932
abroad-together,FLEXECO,Electricity-consumption|Total,GW,typical-day-summer,2050 19:00,9.352381658041036
abroad-together,FLEXECO,Electricity-consumption|Total,GW,typical-day-summer,2050 20:00,8.96067746905998
abroad-together,FLEXECO,Electricity-consumption|Total,GW,typical-day-summer,2050 21:00,8.506886671141581
abroad-together,FLEXECO,Electricity-consumption|Total,GW,typical-day-summer,2050 22:00,7.613178995942174
abroad-together,FLEXECO,Electricity-consumption|Total,GW,typical-day-summer,2050 23:00,7.227051462821183
abroad-together,FLEXECO,Electricity-consumption|Base,GW,typical-day-summer,2050 00:00,4.32599999993
abroad-together,FLEXECO,Electricity-consumption|Base,GW,typical-day-summer,2050 01:00,4.429999999930001
abroad-together,FLEXECO,Electricity-consumption|Base,GW,typical-day-summer,2050 02:00,4.467999999930001
abroad-together,FLEXECO,Electricity-consumption|Base,GW,typical-day-summer,2050 03:00,4.474999999929998
abroad-together,FLEXECO,Electricity-consumption|Base,GW,typical-day-summer,2050 04:00,4.560999999930001
abroad-together,FLEXECO,Electricity-consumption|Base,GW,typical-day-summer,2050 05:00,5.033999999959997
abroad-together,FLEXECO,Electricity-consumption|Base,GW,typical-day-summer,2050 06:00,5.660999999960003
abroad-together,FLEXECO,Electricity-consumption|Base,GW,typical-day-summer,2050 07:00,6.0329999999599995
abroad-together,FLEXECO,Electricity-consumption|Base,GW,typical-day-summer,2050 08:00,6.071999999960001
abroad-together,FLEXECO,Electricity-consumption|Base,GW,typical-day-summer,2050 09:00,6.155999999960002
abroad-together,FLEXECO,Electricity-consumption|Base,GW,typical-day-summer,2050 10:00,6.25399999996
abroad-together,FLEXECO,Electricity-consumption|Base,GW,typical-day-summer,2050 11:00,5.887999999959998
abroad-together,FLEXECO,Electricity-consumption|Base,GW,typical-day-summer,2050 12:00,5.911999999959999
abroad-together,FLEXECO,Electricity-consumption|Base,GW,typical-day-summer,2050 13:00,5.7749999999599995
abroad-together,FLEXECO,Electricity-consumption|Base,GW,typical-day-summer,2050 14:00,5.719999999960003
abroad-together,FLEXECO,Electricity-consumption|Base,GW,typical-day-summer,2050 15:00,5.559999999959996
abroad-together,FLEXECO,Electricity-consumption|Base,GW,typical-day-summer,2050 16:00,5.391999999960001
abroad-together,FLEXECO,Electricity-consumption|Base,GW,typical-day-summer,2050 17:00,5.463999999959999
abroad-together,FLEXECO,Electricity-consumption|Base,GW,typical-day-summer,2050 18:00,5.429999999959999
abroad-together,FLEXECO,Electricity-consumption|Base,GW,typical-day-summer,2050 19:00,5.4209999999599985
abroad-together,FLEXECO,Electricity-consumption|Base,GW,typical-day-summer,2050 20:00,5.187999999960002
abroad-together,FLEXECO,Electricity-consumption|Base,GW,typical-day-summer,2050 21:00,5.139999999960002
abroad-together,FLEXECO,Electricity-consumption|Base,GW,typical-day-summer,2050 22:00,4.744999999930002
abroad-together,FLEXECO,Electricity-consumption|Base,GW,typical-day-summer,2050 23:00,4.674999999929999
abroad-together,FLEXECO,Electricity-consumption|Electrolysis,GW,typical-day-summer,2050 00:00,0.0
abroad-together,FLEXECO,Electricity-consumption|Electrolysis,GW,typical-day-summer,2050 01:00,0.0
abroad-together,FLEXECO,Electricity-consumption|Electrolysis,GW,typical-day-summer,2050 02:00,0.0
abroad-together,FLEXECO,Electricity-consumption|Electrolysis,GW,typical-day-summer,2050 03:00,0.0
abroad-together,FLEXECO,Electricity-consumption|Electrolysis,GW,typical-day-summer,2050 04:00,0.0
abroad-together,FLEXECO,Electricity-consumption|Electrolysis,GW,typical-day-summer,2050 05:00,0.0
abroad-together,FLEXECO,Electricity-consumption|Electrolysis,GW,typical-day-summer,2050 06:00,0.0
abroad-together,FLEXECO,Electricity-consumption|Electrolysis,GW,typical-day-summer,2050 07:00,0.0
abroad-together,FLEXECO,Electricity-consumption|Electrolysis,GW,typical-day-summer,2050 08:00,0.0
abroad-together,FLEXECO,Electricity-consumption|Electrolysis,GW,typical-day-summer,2050 09:00,0.0
abroad-together,FLEXECO,Electricity-consumption|Electrolysis,GW,typical-day-summer,2050 10:00,0.0
abroad-together,FLEXECO,Electricity-consumption|Electrolysis,GW,typical-day-summer,2050 11:00,0.0
abroad-together,FLEXECO,Electricity-consumption|Electrolysis,GW,typical-day-summer,2050 12:00,0.0
abroad-together,FLEXECO,Electricity-consumption|Electrolysis,GW,typical-day-summer,2050 13:00,0.0
abroad-together,FLEXECO,Electricity-consumption|Electrolysis,GW,typical-day-summer,2050 14:00,0.0
abroad-together,FLEXECO,Electricity-consumption|Electrolysis,GW,typical-day-summer,2050 15:00,0.0
abroad-together,FLEXECO,Electricity-consumption|Electrolysis,GW,typical-day-summer,2050 16:00,0.0
abroad-together,FLEXECO,Electricity-consumption|Electrolysis,GW,typical-day-summer,2050 17:00,0.0
abroad-together,FLEXECO,Electricity-consumption|Electrolysis,GW,typical-day-summer,2050 18:00,0.0
abroad-together,FLEXECO,Electricity-consumption|Electrolysis,GW,typical-day-summer,2050 19:00,0.0
abroad-together,FLEXECO,Electricity-consumption|Electrolysis,GW,typical-day-summer,2050 20:00,0.0
abroad-together,FLEXECO,Electricity-consumption|Electrolysis,GW,typical-day-summer,2050 21:00,0.0
abroad-together,FLEXECO,Electricity-consumption|Electrolysis,GW,typical-day-summer,2050 22:00,0.0
abroad-together,FLEXECO,Electricity-consumption|Electrolysis,GW,typical-day-summer,2050 23:00,0.0
abroad-together,FLEXECO,Electricity-consumption|Battery-vehicles,GW,typical-day-summer,2050 00:00,1.5279999998400002
abroad-together,FLEXECO,Electricity-consumption|Battery-vehicles,GW,typical-day-summer,2050 01:00,0.9809999997749999
abroad-together,FLEXECO,Electricity-consumption|Battery-vehicles,GW,typical-day-summer,2050 02:00,0.5689999996940003
abroad-together,FLEXECO,Electricity-consumption|Battery-vehicles,GW,typical-day-summer,2050 03:00,0.294999999596
abroad-together,FLEXECO,Electricity-consumption|Battery-vehicles,GW,typical-day-summer,2050 04:00,0.145999999414
abroad-together,FLEXECO,Electricity-consumption|Battery-vehicles,GW,typical-day-summer,2050 05:00,0.13299999936299997
abroad-together,FLEXECO,Electricity-consumption|Battery-vehicles,GW,typical-day-summer,2050 06:00,0.3089999995950002
abroad-together,FLEXECO,Electricity-consumption|Battery-vehicles,GW,typical-day-summer,2050 07:00,0.6949999996939998
abroad-together,FLEXECO,Electricity-consumption|Battery-vehicles,GW,typical-day-summer,2050 08:00,1.0799999997799996
abroad-together,FLEXECO,Electricity-consumption|Battery-vehicles,GW,typical-day-summer,2050 09:00,1.3479999998300003
abroad-together,FLEXECO,Electricity-consumption|Battery-vehicles,GW,typical-day-summer,2050 10:00,1.46499999984
abroad-together,FLEXECO,Electricity-consumption|Battery-vehicles,GW,typical-day-summer,2050 11:00,1.52399999984
abroad-together,FLEXECO,Electricity-consumption|Battery-vehicles,GW,typical-day-summer,2050 12:00,1.55999999984
abroad-together,FLEXECO,Electricity-consumption|Battery-vehicles,GW,typical-day-summer,2050 13:00,1.5149999998399994
abroad-together,FLEXECO,Electricity-consumption|Battery-vehicles,GW,typical-day-summer,2050 14:00,1.5969999998399997
abroad-together,FLEXECO,Electricity-consumption|Battery-vehicles,GW,typical-day-summer,2050 15:00,1.6939999998500002
abroad-together,FLEXECO,Electricity-consumption|Battery-vehicles,GW,typical-day-summer,2050 16:00,1.92899999985
abroad-together,FLEXECO,Electricity-consumption|Battery-vehicles,GW,typical-day-summer,2050 17:00,2.3169999998700006
abroad-together,FLEXECO,Electricity-consumption|Battery-vehicles,GW,typical-day-summer,2050 18:00,2.6249999998899995
abroad-together,FLEXECO,Electricity-consumption|Battery-vehicles,GW,typical-day-summer,2050 19:00,2.667999999889999
abroad-together,FLEXECO,Electricity-consumption|Battery-vehicles,GW,typical-day-summer,2050 20:00,2.583999999889999
abroad-together,FLEXECO,Electricity-consumption|Battery-vehicles,GW,typical-day-summer,2050 21:00,2.37599999987
abroad-together,FLEXECO,Electricity-consumption|Battery-vehicles,GW,typical-day-summer,2050 22:00,2.09699999987
abroad-together,FLEXECO,Electricity-consumption|Battery-vehicles,GW,typical-day-summer,2050 23:00,1.73999999985
abroad-together,FLEXECO,Electricity-consumption|Heat pumps,GW,typical-day-summer,2050 00:00,0.5219999996840002
abroad-together,FLEXECO,Electricity-consumption|Heat pumps,GW,typical-day-summer,2050 01:00,0.5249999996839998
abroad-together,FLEXECO,Electricity-consumption|Heat pumps,GW,typical-day-summer,2050 02:00,0.5859999996940003
abroad-together,FLEXECO,Electricity-consumption|Heat pumps,GW,typical-day-summer,2050 03:00,0.7699999997439997
abroad-together,FLEXECO,Electricity-consumption|Heat pumps,GW,typical-day-summer,2050 04:00,1.1139999997999999
abroad-together,FLEXECO,Electricity-consumption|Heat pumps,GW,typical-day-summer,2050 05:00,1.2859999998300002
abroad-together,FLEXECO,Electricity-consumption|Heat pumps,GW,typical-day-summer,2050 06:00,1.2319999997999997
abroad-together,FLEXECO,Electricity-consumption|Heat pumps,GW,typical-day-summer,2050 07:00,1.1819999998
abroad-together,FLEXECO,Electricity-consumption|Heat pumps,GW,typical-day-summer,2050 08:00,1.1099999997800014
abroad-together,FLEXECO,Electricity-consumption|Heat pumps,GW,typical-day-summer,2050 09:00,1.0479999997799998
abroad-together,FLEXECO,Electricity-consumption|Heat pumps,GW,typical-day-summer,2050 10:00,0.9939999997759996
abroad-together,FLEXECO,Electricity-consumption|Heat pumps,GW,typical-day-summer,2050 11:00,0.960999999776
abroad-together,FLEXECO,Electricity-consumption|Heat pumps,GW,typical-day-summer,2050 12:00,0.9479999997760004
abroad-together,FLEXECO,Electricity-consumption|Heat pumps,GW,typical-day-summer,2050 13:00,0.9349999997760002
abroad-together,FLEXECO,Electricity-consumption|Heat pumps,GW,typical-day-summer,2050 14:00,0.9429999997759999
abroad-together,FLEXECO,Electricity-consumption|Heat pumps,GW,typical-day-summer,2050 15:00,0.9849999997759997
abroad-together,FLEXECO,Electricity-consumption|Heat pumps,GW,typical-day-summer,2050 16:00,1.03199999978
abroad-together,FLEXECO,Electricity-consumption|Heat pumps,GW,typical-day-summer,2050 17:00,1.0819999997799998
abroad-together,FLEXECO,Electricity-consumption|Heat pumps,GW,typical-day-summer,2050 18:00,1.1219999998000005
abroad-together,FLEXECO,Electricity-consumption|Heat pumps,GW,typical-day-summer,2050 19:00,1.1149999998000006
abroad-together,FLEXECO,Electricity-consumption|Heat pumps,GW,typical-day-summer,2050 20:00,1.03899999979
abroad-together,FLEXECO,Electricity-consumption|Heat pumps,GW,typical-day-summer,2050 21:00,0.8389999997659999
abroad-together,FLEXECO,Electricity-consumption|Heat pumps,GW,typical-day-summer,2050 22:00,0.6179999997150004
abroad-together,FLEXECO,Electricity-consumption|Heat pumps,GW,typical-day-summer,2050 23:00,0.657999999715
abroad-together,FLEXECO,Electricity-consumption|PHS-in,GW,typical-day-summer,2050 00:00,3.110958350099999e-07
abroad-together,FLEXECO,Electricity-consumption|PHS-in,GW,typical-day-summer,2050 01:00,3.1194332069999994e-07
abroad-together,FLEXECO,Electricity-consumption|PHS-in,GW,typical-day-summer,2050 02:00,3.1216162475000005e-07
abroad-together,FLEXECO,Electricity-consumption|PHS-in,GW,typical-day-summer,2050 03:00,3.1001516370000004e-07
abroad-together,FLEXECO,Electricity-consumption|PHS-in,GW,typical-day-summer,2050 04:00,3.1070922264999995e-07
abroad-together,FLEXECO,Electricity-consumption|PHS-in,GW,typical-day-summer,2050 05:00,3.1070055166e-07
abroad-together,FLEXECO,Electricity-consumption|PHS-in,GW,typical-day-summer,2050 06:00,3.1205650817000003e-07
abroad-together,FLEXECO,Electricity-consumption|PHS-in,GW,typical-day-summer,2050 07:00,0.14193777584085313
abroad-together,FLEXECO,Electricity-consumption|PHS-in,GW,typical-day-summer,2050 08:00,0.1836083625246149
abroad-together,FLEXECO,Electricity-consumption|PHS-in,GW,typical-day-summer,2050 09:00,0.7440007059176981
abroad-together,FLEXECO,Electricity-consumption|PHS-in,GW,typical-day-summer,2050 10:00,0.7440008722324164
abroad-together,FLEXECO,Electricity-consumption|PHS-in,GW,typical-day-summer,2050 11:00,1.9001299165801868
abroad-together,FLEXECO,Electricity-consumption|PHS-in,GW,typical-day-summer,2050 12:00,4.5331308985739724
abroad-together,FLEXECO,Electricity-consumption|PHS-in,GW,typical-day-summer,2050 13:00,3.6385621198776255
abroad-together,FLEXECO,Electricity-consumption|PHS-in,GW,typical-day-summer,2050 14:00,3.059644404209668
abroad-together,FLEXECO,Electricity-consumption|PHS-in,GW,typical-day-summer,2050 15:00,0.7440001504389111
abroad-together,FLEXECO,Electricity-consumption|PHS-in,GW,typical-day-summer,2050 16:00,0.17313551641673844
abroad-together,FLEXECO,Electricity-consumption|PHS-in,GW,typical-day-summer,2050 17:00,0.11400147956952997
abroad-together,FLEXECO,Electricity-consumption|PHS-in,GW,typical-day-summer,2050 18:00,0.15146498180194048
abroad-together,FLEXECO,Electricity-consumption|PHS-in,GW,typical-day-summer,2050 19:00,0.14838165839105058
abroad-together,FLEXECO,Electricity-consumption|PHS-in,GW,typical-day-summer,2050 20:00,0.14967746941999172
abroad-together,FLEXECO,Electricity-consumption|PHS-in,GW,typical-day-summer,2050 21:00,0.15188667154558808
abroad-together,FLEXECO,Electricity-consumption|PHS-in,GW,typical-day-summer,2050 22:00,0.15317899642717067
abroad-together,FLEXECO,Electricity-consumption|PHS-in,GW,typical-day-summer,2050 23:00,0.1540514633261888
abroad-together,FLEXECO,Electricity-consumption|Exports,GW,typical-day-summer,2050 00:00,4.865997224487701
abroad-together,FLEXECO,Electricity-consumption|Exports,GW,typical-day-summer,2050 01:00,4.893114436432163
abroad-together,FLEXECO,Electricity-consumption|Exports,GW,typical-day-summer,2050 02:00,4.935010503528537
abroad-together,FLEXECO,Electricity-consumption|Exports,GW,typical-day-summer,2050 03:00,4.901107539640177
abroad-together,FLEXECO,Electricity-consumption|Exports,GW,typical-day-summer,2050 04:00,4.83227910151941
abroad-together,FLEXECO,Electricity-consumption|Exports,GW,typical-day-summer,2050 05:00,4.309519715326184
abroad-together,FLEXECO,Electricity-consumption|Exports,GW,typical-day-summer,2050 06:00,4.700047227317924
abroad-together,FLEXECO,Electricity-consumption|Exports,GW,typical-day-summer,2050 07:00,4.668570172143683
abroad-together,FLEXECO,Electricity-consumption|Exports,GW,typical-day-summer,2050 08:00,6.92388460267342
abroad-together,FLEXECO,Electricity-consumption|Exports,GW,typical-day-summer,2050 09:00,10.093139863744483
abroad-together,FLEXECO,Electricity-consumption|Exports,GW,typical-day-summer,2050 10:00,12.183909241874602
abroad-together,FLEXECO,Electricity-consumption|Exports,GW,typical-day-summer,2050 11:00,14.106353626588803
abroad-together,FLEXECO,Electricity-consumption|Exports,GW,typical-day-summer,2050 12:00,12.302310956666682
abroad-together,FLEXECO,Electricity-consumption|Exports,GW,typical-day-summer,2050 13:00,13.556000618529124
abroad-together,FLEXECO,Electricity-consumption|Exports,GW,typical-day-summer,2050 14:00,11.486773900338283
abroad-together,FLEXECO,Electricity-consumption|Exports,GW,typical-day-summer,2050 15:00,10.429585373193476
abroad-together,FLEXECO,Electricity-consumption|Exports,GW,typical-day-summer,2050 16:00,6.200824701805181
abroad-together,FLEXECO,Electricity-consumption|Exports,GW,typical-day-summer,2050 17:00,4.57106714887783
abroad-together,FLEXECO,Electricity-consumption|Exports,GW,typical-day-summer,2050 18:00,0.0
abroad-together,FLEXECO,Electricity-consumption|Exports,GW,typical-day-summer,2050 19:00,0.0
abroad-together,FLEXECO,Electricity-consumption|Exports,GW,typical-day-summer,2050 20:00,0.0
abroad-together,FLEXECO,Electricity-consumption|Exports,GW,typical-day-summer,2050 21:00,0.0
abroad-together,FLEXECO,Electricity-consumption|Exports,GW,typical-day-summer,2050 22:00,0.0
abroad-together,FLEXECO,Electricity-consumption|Exports,GW,typical-day-summer,2050 23:00,0.0
